127.0.0.1,6000
127.0.0.1,6001
127.0.0.1,6002
127.0.0.1,6003
127.0.0.1,6004
127.0.0.1,6005
127.0.0.1,6006
127.0.0.1,6007
127.0.0.1,6008
127.0.0.1,6009
127.0.0.1,6010
127.0.0.1,6011
127.0.0.1,6012
127.0.0.1,6013
127.0.0.1,6014
127.0.0.1,6015
127.0.0.1,6016
127.0.0.1,6017
127.0.0.1,6018
127.0.0.1,6019
127.0.0.1,6020
127.0.0.1,6021
127.0.0.1,6022
127.0.0.1,6023
127.0.0.1,6024
127.0.0.1,6025
127.0.0.1,6026
127.0.0.1,6027
127.0.0.1,6028
127.0.0.1,6029
127.0.0.1,6030
127.0.0.1,6031
127.0.0.1,6032
127.0.0.1,6033
127.0.0.1,6034
127.0.0.1,6035
127.0.0.1,6036
127.0.0.1,6037
127.0.0.1,6038
127.0.0.1,6039
127.0.0.1,6040
127.0.0.1,6041
127.0.0.1,6042
127.0.0.1,6043
127.0.0.1,6044
127.0.0.1,6045
127.0.0.1,6046
127.0.0.1,6047
127.0.0.1,6048
127.0.0.1,6049
127.0.0.1,6050
127.0.0.1,6051
127.0.0.1,6052
127.0.0.1,6053
127.0.0.1,6054
127.0.0.1,6055
127.0.0.1,6056
127.0.0.1,6057
127.0.0.1,6058
127.0.0.1,6059
127.0.0.1,6060
127.0.0.1,6061
127.0.0.1,6062
127.0.0.1,6063
127.0.0.1,6064
127.0.0.1,6065
127.0.0.1,6066
127.0.0.1,6067
127.0.0.1,6068
127.0.0.1,6069
127.0.0.1,6070
127.0.0.1,6071
127.0.0.1,6072
127.0.0.1,6073
127.0.0.1,6074
127.0.0.1,6075
127.0.0.1,6076
127.0.0.1,6077
127.0.0.1,6078
127.0.0.1,6079
127.0.0.1,6080
127.0.0.1,6081
127.0.0.1,6082
127.0.0.1,6083
127.0.0.1,6084
127.0.0.1,6085
127.0.0.1,6086
127.0.0.1,6087
127.0.0.1,6088
127.0.0.1,6089
127.0.0.1,6090
127.0.0.1,6091
127.0.0.1,6092
127.0.0.1,6093
127.0.0.1,6094
127.0.0.1,6095
127.0.0.1,6096
127.0.0.1,6097
127.0.0.1,6098
127.0.0.1,6099
